"","UMAP1","UMAP2","Group"
"LNEN079_TU",-10.2706696582249,-2.46266516791713,"lung NETs Ca A2"
"LNEN081_TU",0.989085405332399,12.0279071002535,"lung NETs Ca A1"
"LNEN083_TU",-2.20152634402593,2.50273401968791,"lung NETs Ca B"
"LNEN084_TU",-1.71444456290251,1.78397720689926,"lung NETs supra-carcinoids"
"LNEN089_TU",-2.36987801487534,4.06905218363364,"lung NETs Ca B"
"S01504_B_TU",1.23006996498256,11.4834031855022,"lung NETs Ca A1"
"S01605_B_TU",-9.42849809190388,-1.75767931718999,"lung NETs Ca A2"
"LNEN047_TU",0.860143027441484,12.0600501567459,"lung NETs Ca A1"
"LNEN048_TU",1.11616484857447,11.7518931410144,"lung NETs Ca A1"
"LNEN055_TU",-9.53711526523592,-1.71247425438812,"lung NETs Ca A2"
"LNEN056_TU",-9.37530777818088,-1.92264328366963,"lung NETs Ca A2"
"LNEN057_TU",1.64801173785894,11.6648210867878,"lung NETs Ca A1"
"LNEN060_TU",-8.78404778987668,-2.35439044931575,"lung NETs Ca A2"
"LNEN063_TU",1.58679518208545,11.8091699282312,"lung NETs Ca A1"
"LNEN064_TU",-9.33728184295744,-2.53334038091117,"lung NETs Ca A2"
"LNEN066_TU",-2.2521101846211,2.82166211435884,"lung NETs Ca B"
"LNEN067_TU",-2.34263690952735,2.6567514735927,"lung NETs Ca B"
"LNEN071_TU",1.54116333951876,0.92488650862775,"lung NETs supra-carcinoids"
"LNEN072_TU",-1.93070728407175,1.96264004812248,"lung NETs Ca B"
"LNEN074_TU",-9.01037352692072,-1.94932106588918,"lung NETs Ca A2"
"LNEN076_TU",1.22515758655596,11.4625465687433,"lung NETs Ca A1"
"LNEN077_TU",-9.65258157383639,-2.01873754686691,"lung NETs Ca A2"
"LNEN044_TU",1.26509747657459,11.4506311856143,"lung NETs Ca A1"
"LNEN050_TU",1.21682328580851,11.7796422108186,"lung NETs Ca A1"
"LNEN051_TU",-9.77338609434773,-1.86920790723659,"lung NETs Ca A2"
"LNEN053_TU",-2.33588309099264,2.88642609458308,"lung NETs Ca B"
"LNEN054_TU",-8.73926458426721,-1.85844894637707,"lung NETs Ca A2"
"LNEN068_TU",0.909380018715201,11.0024725399226,"lung NETs Ca A1"
"LNEN069_TU",0.364637696760879,10.9455707550321,"lung NETs Ca A1"
"LNEN073_TU",-2.31653845118888,2.85753584199795,"lung NETs Ca B"
"LNEN082_TU",-2.06850712857839,2.15472106419326,"lung NETs Ca B"
"LNEN085_TU",-0.0131552303032153,10.6727436923271,"lung NETs Ca A1"
"LNEN086_TU",-10.1652486066401,-2.64612237373814,"lung NETs Ca A2"
"LNEN087_TU",-2.45883623926019,3.00060743488522,"lung NETs Ca B"
"LNEN090_TU",-2.41014949226265,2.84941325448076,"lung NETs Ca B"
"LNEN091_TU",1.00501392048181,10.7756784433339,"lung NETs Ca A1"
"LNEN092_TU2",1.32850467361567,11.8678817999296,"lung NETs Ca A1"
"LNEN093_TU2",1.31139651748219,11.5936809635024,"lung NETs Ca A1"
"LNEN094_TU5",-2.54421404767936,2.76837354647581,"lung NETs Ca B"
"LNEN095_TU2",-2.64481693461666,2.67298991627745,"lung NETs Ca B"
"LNEN096_TU3",-9.81445374435189,-1.90540632517937,"lung NETs Ca A2"
"LNEN097_TU5",0.368982418917327,12.2738497712314,"lung NETs Ca A1"
"LNEN100_TU1",0.781977275435484,11.0398353890754,"lung NETs Ca A1"
"LNEN103_TU2",1.07700914026964,11.7569291388959,"lung NETs Ca A1"
"LNEN104_TU3",0.324954341256278,10.4750898276309,"lung NETs Ca A1"
"LNEN106_TU1",-2.41299334123478,3.02301557610099,"lung NETs Ca B"
"LNEN107_TU2",1.09252598834431,10.7384407905043,"lung NETs supra-carcinoids"
"LNEN108_TU1",-0.0380626080561927,10.4599738582622,"lung NETs Ca A1"
"LNEN109_TU",0.366676375992652,12.3387892300129,"lung NETs Ca A1"
"LNEN110_TU",-2.40998107649537,4.1675601231381,"lung NETs Ca B"
"LNEN111_TU2",-1.88145397094578,2.08205105828238,"lung NETs Ca B"
"LNEN112_TU1",-9.49542627704433,-2.05545521631454,"lung NETs Ca A2"
"LNEN113_TU2",1.11322740013253,11.2190454608665,"lung NETs Ca A1"
"LNEN114_TU2",-8.93086947351598,-2.14257478775579,"lung NETs Ca A2"
"LNEN115_TU1",-9.23818393761176,-2.10385083354093,"lung NETs Ca A2"
"LNEN116_TU1",-2.6476179594088,2.63856745623144,"lung NETs Ca B"
"LNEN117_TU1",0.326568601315265,12.4461804079645,"lung NETs Ca A1"
"LNEN118_TU2",-9.81491145786257,-1.97539108467671,"lung NETs Ca A2"
"LNEN119_TU3",-2.39777510255165,3.50042086108789,"lung NETs Ca B"
"LNEN121_TU",-9.32248664651407,-1.83453037459089,"lung NETs Ca A2"
"LNEN122_TU",-2.31430104125955,3.51505963126052,"lung NETs Ca B"
"LNEN123_TU",0.371752037115837,12.3409627619961,"lung NETs Ca A1"
"LNEN125_TU",-2.43849256325603,3.17194514152744,"lung NETs Ca B"
"LNEN126_TU",-2.31477300403809,3.61197957392898,"lung NETs Ca B"
"LNEN129_TU",-10.0097950161783,-2.02320453401399,"lung NETs Ca A2"
"LNEN130_TU",-2.22684014485147,3.4176856568,"lung NETs Ca B"
"LNEN132_TU",-2.32645318097684,3.48654942364633,"lung NETs Ca B"
"LNEN133_TU",-2.41996811799977,2.73902132275579,"lung NETs Ca B"
"LNEN135_TU",-0.00631320934127177,10.4755950720918,"lung NETs Ca A1"
"LNEN136_TU",0.439646593322558,12.4029308549659,"lung NETs Ca A1"
"LNEN137_TU",-9.62172125981384,-2.75884801746367,"lung NETs Ca A2"
"LNEN139_TU",0.0230373555547647,10.7657081269663,"lung NETs Ca A1"
"LNEN140_TU",0.0192741949336327,10.7577586921549,"lung NETs Ca A1"
"LNEN142_TU",-2.49580964603796,3.26635753186804,"lung NETs Ca B"
"LNEN143_TU",0.414078986993645,12.2723034154717,"lung NETs Ca A1"
"LNEN145_TU",-9.8320440580098,-2.45759000188509,"lung NETs Ca A2"
"LNEN146_TU",-0.114830169209916,10.5159237244129,"lung NETs Ca A1"
"LNEN148_TU",0.0490685890658336,10.7325592967726,"lung NETs Ca A1"
"LNEN151_TU3",-8.99063258826561,-2.32468453209688,"lung NETs Ca A2"
"LNEN152_TU",-8.68128341981479,-2.26489387484502,"lung NETs Ca A2"
"LNEN153_TU6",-2.18325438414161,2.34673459621972,"lung NETs Ca B"
"LNEN154_TU3",-8.90253587052076,-2.10252738167575,"lung NETs Ca A2"
"LNEN155_TU7",-9.59406742623244,-1.76048189660655,"lung NETs Ca A2"
"LNEN156_TU",0.437099410118945,11.65531552484,"lung NETs Ca A1"
"LNEN157_TU2",0.609765677015604,12.2901597089145,"lung NETs Ca A1"
"LNEN159_TU2",-2.32300921982079,3.54697564615501,"lung NETs Ca B"
"LNEN161_TU",-9.16536449393998,-2.05106061645298,"lung NETs Ca A2"
"LNEN162_TU",0.288404379308094,11.8710835747473,"lung NETs Ca A1"
"LNEN163_TU",-8.74759050957152,-2.19765512456364,"lung NETs Ca A2"
"LNEN164_TU2",-2.21607259645548,3.10330068402404,"lung NETs Ca B"
"LNEN165_TU2",-9.60921137714574,-1.68702915771702,"lung NETs Ca A2"
"LNEN166_TU2",-9.15414188221273,-1.96669343878579,"lung NETs Ca A2"
"LNEN167_TU2",-2.08336130967524,2.03441523268528,"lung NETs Ca B"
"LNEN168_TU1",-9.67534859918507,-1.77760722545773,"lung NETs Ca A2"
"LNEN169_TU1",0.827099212921193,11.6680156888008,"lung NETs Ca A1"
"LNEN170_TU4",-2.42719627353254,4.13888988587231,"lung NETs Ca B"
"LNEN171_TU1_R1",0.9234842464519,12.074004498503,"lung NETs Ca A1"
"LNEN173_TU",-10.2282032897673,-2.70143151267044,"lung NETs Ca A2"
"LNEN175_TU",0.293370349033314,12.2437998165753,"lung NETs Ca A1"
"LNEN176_TU",0.427013844845437,11.8410929262771,"lung NETs Ca A1"
"LNEN177_TU",-9.68572803156291,-1.70423697771576,"lung NETs Ca A2"
"LNEN178_TU",-0.0639342590139145,10.4478299690281,"lung NETs Ca A1"
"LNEN179_TU",1.00653030289252,10.7115764478562,"lung NETs Ca A1"
"LNEN180_TU",2.39248946001419,1.53835825114807,"lung NETs supra-carcinoids"
"LNEN181_TU",0.779110249966977,12.1840807614098,"lung NETs Ca A1"
"LNEN182_TU",0.374620829285852,10.4580244494893,"lung NETs Ca A1"
"LNEN183_TU",-2.15982002419745,3.16027479694836,"lung NETs Ca B"
"LNEN184_TU",-8.9579295293474,-1.95031681465157,"lung NETs Ca A2"
"LNEN185_TU",-1.98202643098517,1.98914937243218,"lung NETs Ca B"
"LNEN187_TU",-8.72976265097501,-2.31434151794257,"lung NETs Ca A2"
"LNEN190_TU",-0.196756791756566,10.4574665897915,"lung NETs Ca A1"
"LNEN191_TU",-9.54216584010928,-1.89081071054918,"lung NETs Ca A2"
"LNEN192_TU",0.455440290842189,10.6992071555356,"lung NETs Ca A1"
"LNEN193_TU",1.02969722793561,11.7668793549114,"lung NETs Ca A1"
"LNEN194_TU",-1.99633544633933,2.09576214004682,"lung NETs Ca B"
"LNEN195_TU",0.621399135388808,10.5852196237346,"lung NETs Ca A1"
"LNEN196_TU",0.607315338818822,10.9338987419927,"lung NETs Ca A1"
"LNEN197_TU",0.271058668931995,10.5104368001453,"lung NETs Ca A1"
"LNEN198_TU",0.680259110360073,10.9503008509081,"lung NETs Ca A1"
"LNEN199_TU",-9.23645872454461,-1.97723417065685,"lung NETs Ca A2"
"LNEN201_TU",0.528466540650645,10.9099835948725,"lung NETs Ca A1"
"LNEN202_TU",-9.35400587419364,-2.14508602137327,"lung NETs Ca A2"
"LNEN203_TU",-8.9975179628943,-2.72597551265426,"lung NETs Ca A2"
"LNEN206_TU",2.25121561857342,1.31971056781667,"lung NETs supra-carcinoids"
"LNEN209_TU",-2.18993533736888,2.64703954324954,"lung NETs Ca B"
"LNEN210_TU",1.00464329138905,11.4799854620033,"lung NETs Ca A1"
"LNEN213_TU",-8.79495140604581,-1.87078975546546,"lung NETs Ca A2"
"LNEN215_TU",0.951481937679686,12.0456750872078,"lung NETs Ca A1"
"LNEN221_TU",0.227494709362189,11.0892089773675,"lung NETs Ca A1"
"LNEN224_TU",-9.08069354900829,-2.15544518850739,"lung NETs Ca A2"
"LNEN231_TU",1.05107374683606,10.8925956706198,"lung NETs Ca A1"
"LNEN233_TU",0.680799149318013,10.8985863478336,"lung NETs Ca A1"
"LNEN234_TU",0.553302330351248,10.7064834051976,"lung NETs Ca A1"
"LNEN235_TU",-8.91381770351445,-1.79849116170307,"lung NETs Ca A2"
"LNEN236_TU",0.221032557919563,11.8868445342361,"lung NETs Ca A1"
"LNEN243_TU",-9.25956709853408,-1.75352127804823,"lung NETs Ca A2"
"LNEN245_TU",-9.80354800023631,-1.98389605858146,"lung NETs Ca A2"
"LNEN247_TU",-9.50435558567354,-1.59598346579493,"lung NETs Ca A2"
"LNEN248_TU",-9.3180188988539,-1.96014023588658,"lung NETs Ca A2"
"LNEN252_TU",-2.51280167910473,3.32644185735685,"lung NETs Ca B"
"LNEN253_TU",-8.66040869550993,-2.02312590510645,"lung NETs Ca A2"
"LNEN255_TU",1.59627619613465,11.8801937109908,"lung NETs Ca A1"
"LNEN270_TU",-9.28939960270034,-2.05387049846516,"lung NETs Ca A2"
"LNEN272_TU",0.986884018322936,12.033316559541,"lung NETs Ca A1"
"LNEN277_TU",-1.99712921937164,1.93964587215672,"lung NETs Ca B"
"LNEN278s1_TU1",2.31959165578408,1.47277779012034,"lung NETs supra-carcinoids"
"LNEN204_TU",-9.48818767617615,-1.63501411447021,"lung NETs Ca A2"
"LNEN205_TU",1.017615002102,11.7882433175278,"lung NETs Ca A1"
"LNEN207_TU",0.738410490488843,11.9957713408597,"lung NETs Ca A1"
"LNEN208_TU",1.14016501347045,11.5917982004616,"lung NETs Ca A1"
"LNEN211_TU",-8.68814661315271,-2.1280548410795,"lung NETs Ca A2"
"LNEN212_TU",0.86179808807784,10.9253142006746,"lung NETs Ca A1"
"LNEN214_TU",0.956854929938941,10.6323109387783,"lung NETs Ca B"
"LNEN216_TU",1.02903106324203,10.7747165705679,"lung NETs Ca A1"
"LNEN218_TU",-2.09500698017288,2.09986308846963,"lung NETs Ca B"
"LNEN219_TU",0.943263325753871,10.6358020486885,"lung NETs Ca A1"
"LNEN223_TU",0.251115267285184,10.3750240025069,"lung NETs Ca A1"
"LNEN225_TU",0.101876559704606,12.2026127879937,"lung NETs Ca A1"
"LNEN226_TU",-9.58471960895151,-1.82088345267795,"lung NETs Ca A2"
"LNEN227_TU",-9.30835748919638,-2.01391876433065,"lung NETs Ca A2"
"LNEN228_TU",-8.76360457361891,-1.88496467836433,"lung NETs Ca A2"
"LNEN229_TU",-2.67506774190572,3.32977700156811,"lung NETs Ca B"
"LNEN230_TU",-8.87707926850602,-2.10772159348097,"lung NETs Ca A2"
"LNEN232_TU",0.204600735547602,12.3902318238458,"lung NETs Ca A1"
"LNEN237_TU",-2.30591669068384,2.35811579072376,"lung NETs Ca B"
"LNEN238_TU",0.522324287299628,10.8140940883044,"lung NETs Ca A1"
"LNEN239_TU",-2.10548529065367,2.12171013163889,"lung NETs Ca B"
"LNEN240_TU",-2.22038066041681,2.13734432159431,"lung NETs Ca B"
"LNEN241_TU",-8.66732962770507,-2.24889066304097,"lung NETs Ca A2"
"LNEN244_TU",-9.19126008515736,-2.01311637307014,"lung NETs Ca A2"
"LNEN249_TU",0.475325684618728,10.5357310885578,"lung NETs Ca A1"
"LNEN250_TU",-8.91500061539088,-2.43883093536024,"lung NETs Ca A2"
"LNEN258_TU",-2.43956263667165,2.80895532567634,"lung NETs Ca B"
"LNEN263_TU",-9.66540246983628,-1.68959691544805,"lung NETs Ca A2"
"LNEN268_TU",-9.63551877650791,-1.5620791061661,"lung NETs Ca A2"
"LNEN269_TU",0.738037423652888,11.1385564480988,"lung NETs Ca A1"
"LNEN273_TU",0.315652710968942,12.0502532276833,"lung NETs Ca A1"
"LNEN276_TU",0.555884080770074,11.2382621153928,"lung NETs Ca A1"
"LNEN002",-2.200153494344,3.48459612278664,"lung NETs Ca B"
"LNEN003",-9.7178054933714,-2.61396950094223,"lung NETs Ca A2"
"LNEN004",-9.53960925725156,-2.84632489154904,"lung NETs Ca A2"
"LNEN005",2.34214216239466,1.56289903806271,"lung NETs supra-carcinoids"
"LNEN006",-9.17325933360539,-2.87767811846511,"lung NETs Ca A2"
"LNEN007",-2.53092975515923,3.13097509103183,"lung NETs Ca B"
"LNEN008",-2.24162472022973,3.64123814792631,"lung NETs Ca B"
"LNEN009",-1.91813345367305,1.86423455591973,"lung NETs Ca B"
"LNEN010",-2.58120505681641,3.079954545985,"lung NETs Ca B"
"LNEN011",-9.65663892067492,-2.17745330366138,"lung NETs Ca A2"
"LNEN012",2.50137256718388,1.6879616399594,"lung NETs supra-carcinoids"
"LNEN013",1.35740155990357,11.6661550160305,"lung NETs Ca A1"
"LNEN014",-2.56867093439312,3.2068874864575,"lung NETs Ca B"
"LNEN015",-2.51594172980248,2.89232231920279,"lung NETs Ca B"
"LNEN016",-8.62806888216252,-1.83872455278836,"lung NETs Ca A2"
"LNEN017",-2.02382489758567,2.02454710311251,"lung NETs Ca B"
"LNEN018",-9.22506572077145,-2.97920009096805,"lung NETs Ca A2"
"LNEN019",1.72599124811528,11.6332873460317,"lung NETs Ca A1"
"LNEN020",-2.55888898221621,2.70256090840473,"lung NETs Ca B"
"S00016",0.838481545726076,11.5270185384845,"lung NETs Ca A1"
"S00022",3.83804390412309,-0.582569663683012,"SCLC"
"S00050AB",3.86933658811079,-0.384483363156024,"SCLC"
"S00076",1.83951808645619,11.5678419627884,"lung NETs Ca A1"
"S00089",-2.3733552354265,4.04482781123581,"lung NETs Ca B"
"S00094",-9.40922237009362,-2.95797766440621,"lung NETs Ca A2"
"S00118",-2.39500060060224,4.12639444245241,"lung NETs Ca B"
"S00128",0.313450359867124,11.0461483852422,"lung NETs Ca A1"
"S00396",3.12745581699985,2.34264211131118,"LCNEC"
"S00400",2.18432737359217,0.730458967232313,"LCNEC"
"S00472",3.37712427759493,-0.412794318994038,"SCLC"
"S00501",2.95035657231629,-0.217412852582529,"SCLC"
"S00515",-9.65195223973201,-2.4492848054667,"lung NETs Ca A2"
"S00516",-10.0258105440782,-2.58048103741649,"lung NETs Ca A2"
"S00517",1.94570983477208,0.534897839178983,"LCNEC"
"S00520",-2.65625066728259,2.95459690109841,"lung NETs Ca B"
"S00529",2.35965926131133,0.833541259829404,"LCNEC"
"S00531",2.92787086251379,1.95982120894213,"LCNEC"
"S00534",2.25122658719236,0.913269656919478,"LCNEC"
"S00540",2.40758841394038,0.444830196906358,"LCNEC"
"S00550",3.18804409395938,2.40663287847632,"LCNEC"
"S00567",3.15742100210502,2.24794572201105,"LCNEC"
"S00570",2.33023285813517,1.38333007322961,"LCNEC"
"S00581",1.87805039674997,0.310850992972638,"LCNEC"
"S00584",3.31593002240673,2.45050901097106,"LCNEC"
"S00587",2.67172987833343,0.526608595232089,"LCNEC"
"S00602",1.46331751308564,11.6376213742093,"LCNEC"
"S00608",1.82767448736862,0.163617527743762,"LCNEC"
"S00609",3.30759632136931,2.37267294913291,"LCNEC"
"S00613",3.30856213326066,1.64879369507354,"LCNEC"
"S00640",2.32393109773009,0.909594597565022,"LCNEC"
"S00694",3.96762716728308,-0.520711770781835,"LCNEC"
"S00710",3.58022871275185,-0.476519956944131,"LCNEC"
"S00711",2.41087056900245,1.13380918325598,"LCNEC"
"S00712",3.22214408514376,2.16391358296855,"LCNEC"
"S00713",2.16156417171414,0.733063496429929,"LCNEC"
"S00714",3.11804358269895,1.52509551242749,"LCNEC"
"S00716_B",-2.68192125029109,2.76225863600333,"lung NETs Ca B"
"S00718",2.72890905332247,1.83298054355693,"LCNEC"
"S00725",1.86546862951153,0.214063736928778,"LCNEC"
"S00732",3.04205346817593,2.4172952881861,"LCNEC"
"S00733",1.76347456449004,0.5863834008412,"LCNEC"
"S00739",2.68365877260643,0.78737939489364,"LCNEC"
"S00790",2.63769580109887,0.594768763278345,"LCNEC"
"S00791",2.39947387318073,0.828831368120239,"LCNEC"
"S00793",3.5170881507242,-0.694157885505305,"LCNEC"
"S00794",2.99259724517125,0.458112427594025,"LCNEC"
"S00795",2.86162321254924,0.210363171565835,"LCNEC"
"S00796",3.10509484276505,2.29928027647718,"LCNEC"
"S00799",2.78320680776352,1.32462180543557,"LCNEC"
"S00825",3.00292700923671,-0.0526984530813887,"SCLC"
"S00827AB",3.74744534299611,-0.662193862158159,"SCLC"
"S00829",3.39049199143915,2.21016540380353,"SCLC"
"S00830AB",3.48866589439971,-0.166101630339657,"SCLC"
"S00832",3.83660168736977,-0.57759952926077,"SCLC"
"S00836AB",3.43256121095622,-0.371208090142137,"SCLC"
"S00837AB",3.2074751929199,2.29686943949188,"SCLC"
"S00838",3.66290657928357,0.0234545703792117,"SCLC"
"S00858",-9.93146942629405,-2.48319733745269,"lung NETs Ca A2"
"S01060",0.489573979010067,11.4415066742552,"lung NETs Ca A1"
"S01093",3.00204241272797,-0.268030097786969,"LCNEC"
"S01103_T2",-9.89104039479071,-2.5090444131127,"lung NETs Ca A2"
"S01202",-2.59376569153307,2.93972444474077,"lung NETs Ca B"
"S01242",3.73959473474741,-0.316165046392716,"SCLC"
"S01248",3.04266175198368,-0.250175515166678,"SCLC"
"S01318",2.33438111824161,0.979607219603818,"LCNEC"
"S01407",3.19799514491393,2.38219928068126,"LCNEC"
"S01453",3.65374944535186,-0.726587293432649,"SCLC"
"S01468",2.28931892683072,0.950424123237546,"LCNEC"
"S01493",-2.2853738167611,3.50721345646157,"lung NETs Ca B"
"S01494",3.75177293625807,-0.782364634249001,"SCLC"
"S01496",3.08891138616589,0.161528471103491,"LCNEC"
"S01499",2.99258060081471,-0.227241847551186,"LCNEC"
"S01501",0.0539279512251251,10.7060830886606,"lung NETs Ca A1"
"S01502",0.0779231237652522,10.7007990629139,"lung NETs Ca A1"
"S01505",2.95957552303693,-0.173495258857211,"LCNEC"
"S01508",3.19778572233047,2.33500510176116,"LCNEC"
"S01510",-2.32486447167085,3.36731951686477,"lung NETs Ca B"
"S01511",2.54286207112254,1.55883189514502,"LCNEC"
"S01513",1.76699224317712,0.918598620620603,"lung NETs supra-carcinoids"
"S01515",0.359958115285863,10.9499310265748,"lung NETs Ca A1"
"S01517",1.97939021498186,0.492910741993621,"LCNEC"
"S01518",2.48872038671277,1.61257599058966,"LCNEC"
"S01519",0.962828700889653,11.539759061055,"lung NETs Ca A1"
"S01520",1.19356121055863,11.0928745586626,"lung NETs Ca A1"
"S01521",-10.0395207082676,-2.50452908178043,"lung NETs Ca A2"
"S01524",3.44665690733159,-0.111891134284418,"SCLC"
"S01526",-10.3118299149529,-2.55974033383183,"lung NETs Ca A2"
"S01528",0.679312902067273,11.7951133898628,"lung NETs Ca A1"
"S01529",-9.71901508892783,-2.8841115717008,"lung NETs Ca A2"
"S01531",-10.1571311168302,-2.46076086314906,"lung NETs Ca A2"
"S01532",-10.1909966629914,-2.62329983863834,"lung NETs Ca A2"
"S01533",1.88311079162549,0.399058603423609,"LCNEC"
"S01535",1.87029344800383,0.392492961737429,"LCNEC"
"S01536",0.216221945453854,12.4134130356214,"lung NETs Ca A1"
"S01537",-10.2910005445864,-2.60274589540682,"lung NETs Ca A2"
"S01538",-10.1993047995776,-2.67920326164983,"lung NETs Ca A2"
"S01539",-9.52234029685929,-2.94979201549456,"lung NETs Ca A2"
"S01540",0.243315345415361,11.9248716426101,"lung NETs Ca A1"
"S01541",-8.99976213065007,-2.73725173485789,"lung NETs Ca A2"
"S01543",-0.111490964361957,10.5374540909657,"lung NETs Ca A1"
"S01544",2.84583481156976,1.45875101574576,"LCNEC"
"S01545",0.169414599167582,12.3725449468646,"lung NETs Ca A1"
"S01546",-9.26428790815106,-2.81091953422757,"lung NETs Ca A2"
"S01556",3.37167866071786,2.33686231827161,"SCLC"
"S01563",3.28067966816446,-0.150650240351483,"SCLC"
"S01567",-1.95019999061653,2.15988624519403,"lung NETs Ca B"
"S01572",0.340551537939329,11.1465118234267,"lung NETs Ca A1"
"S01573",0.847483271525693,11.2386357726245,"lung NETs Ca A1"
"S01574",1.97433641197678,0.385020043325617,"LCNEC"
"S01578",3.37621158571546,-0.35448379334427,"SCLC"
"S01580",2.44048667683375,0.621586669771789,"LCNEC"
"S01581",3.01896167388881,-0.322517091432799,"LCNEC"
"S01582",-10.2573868225032,-2.70053087288243,"lung NETs Ca A2"
"S01583",-10.2409983330202,-2.61855121144261,"lung NETs Ca A2"
"S01584",-10.3003996089544,-2.71515803700773,"lung NETs Ca A2"
"S01585",-10.2267627459769,-2.63122143116128,"lung NETs Ca A2"
"S01586",2.02551783742071,0.499608988197512,"LCNEC"
"S01590",0.19744153604482,12.0742045892401,"lung NETs Ca A1"
"S01593",-10.1936123803809,-2.73738480519898,"lung NETs Ca A2"
"S01666",-2.34810470748147,3.60997447492496,"lung NETs Ca B"
"S01698",3.3571846877456,-0.192642614571612,"SCLC"
"S01707",1.85463894998035,0.574047016810705,"LCNEC"
"S01728",3.32434683406796,-0.216505524981828,"SCLC"
"S01731",-9.29268423574726,-2.94358875409322,"lung NETs Ca A2"
"S01733",0.104825365615776,12.2678725188555,"lung NETs Ca A1"
"S01742",0.538984172762767,10.838750475465,"lung NETs Ca A1"
"S01746",0.0405360667587036,10.3687545539454,"lung NETs Ca A1"
"S01763",2.71573875467826,0.766754060231879,"LCNEC"
"S01792",3.66209700433321,-0.390880366477964,"SCLC"
"S02065",3.7220954932857,-0.860043955688934,"SCLC"
"S02093",3.2562610992792,-0.0652682320443662,"SCLC"
"S02120",3.62282480758709,-0.900867316503128,"SCLC"
"S02126",1.61459725706745,11.8256044937858,"lung NETs Ca A1"
"S02139",4.10660293299166,-0.325327193529289,"SCLC"
"S02154",0.263840545285951,11.5641843498326,"lung NETs Ca A1"
"S02162",1.31918435526441,10.9636869141809,"lung NETs Ca A1"
"S02163",4.0503217188286,-0.513936559229113,"SCLC"
"S02194",3.63364401840944,0.449823797666588,"SCLC"
"S02209",3.10659261308549,2.3740545118098,"SCLC"
"S02229",3.71363383238905,-0.540499269722898,"LCNEC"
"S02236",3.37570451994862,2.45679163456316,"LCNEC"
"S02241",3.71118088784396,-0.536619215439326,"SCLC"
"S02242",3.45444321187113,-0.236781487773937,"SCLC"
"S02243",3.75985709631879,-0.599912169174351,"SCLC"
"S02249",3.16897103216137,-0.00454410448543063,"SCLC"
"S02259",1.94696397967917,0.460926604435017,"LCNEC"
"S02261",2.97873096716077,1.78663168562619,"LCNEC"
"S02264",2.744117861881,1.85599972095363,"LCNEC"
"S02265",2.81465031907325,1.92285949480711,"LCNEC"
"S02266",1.85069983691202,0.189590823340394,"LCNEC"
"S02267",1.89682914545416,0.291703277201045,"LCNEC"
"S02268",2.2532796820516,0.938455885404808,"LCNEC"
"S02269",3.34350584988185,2.19979139945592,"LCNEC"
"S02271",3.20488697436633,1.52794068269293,"LCNEC"
"S02272",2.58018761361519,1.02333238044721,"LCNEC"
"S02284",3.77175695141836,-0.342378536532684,"SCLC"
"S02285",3.64821546502323,-0.816905948075197,"SCLC"
"S02286",3.02564004264345,2.05058130772962,"SCLC"
"S02287",3.95998906338802,-0.327948135562517,"SCLC"
"S02288",3.32084157864996,2.35875116665324,"SCLC"
"S02289",3.74566282024505,-0.499119118596811,"SCLC"
"S02290",3.76658623829003,-0.0766622808983138,"SCLC"
"S02291",3.2943913796535,0.127274075977441,"SCLC"
"S02293",4.10549036388031,-0.337943067502641,"SCLC"
"S02294",4.11829914981058,-0.396881384390298,"SCLC"
"S02295",3.78266377473885,-0.649425365115906,"SCLC"
"S02296",3.23152122182865,2.35385787420061,"SCLC"
"S02297",1.6784286089979,11.7301138015682,"SCLC"
"S02298",3.23384890150004,1.55838821645352,"SCLC"
"S02299",2.77865982555408,0.449156765600486,"SCLC"
"S02322",3.74335590326289,-0.744528007892196,"SCLC"
"S02323",-2.73358996970087,2.90017293956961,"lung NETs Ca B"
"S02325",-2.55529040871794,3.3622542708988,"lung NETs Ca B"
"S02326",-10.0599025518346,-2.35356902406019,"lung NETs Ca A2"
"S02327",0.294750491718864,11.6054942434887,"lung NETs Ca A1"
"S02328",2.81408188067865,0.412428893559422,"SCLC"
"S02330",0.30207194660192,10.7544769305211,"lung NETs Ca A1"
"S02331",0.961208106429553,11.3898928773407,"lung NETs Ca A1"
"S02333",0.103321627328633,12.2155843295955,"lung NETs Ca A1"
"S02334",-10.0958528991998,-2.54007399752141,"lung NETs Ca A2"
"S02335",0.956408025850912,11.4800846283734,"lung NETs Ca A1"
"S02336",2.22331408562274,0.920705155701195,"LCNEC"
"S02337",-0.130349824790764,10.4066378031652,"lung NETs Ca A1"
"S02338",-10.0099725888461,-2.48546954677067,"lung NETs Ca A2"
"S02339",-9.02964860322399,-1.96172005176805,"lung NETs Ca A2"
"S02340",0.330420676478415,11.3967024376184,"lung NETs Ca A1"
"SRR10720229",1.18984311191614,10.7058844987919,"lung NETs supra-carcinoids"
"SRR7646258",2.28758641823577,1.38907470771922,"lung NETs supra-carcinoids"
"LNET10T",1.71071898500253,0.789781835896281,"lung NETs supra-carcinoids"
"LNET13T",1.09904477515926,11.9176268887825,"lung NETs Ca A1"
"LNET14T",1.13888297895477,11.4756592544804,"lung NETs Ca A1"
"LNET16T",1.09350860005322,10.8693130245757,"lung NETs supra-carcinoids"
"LNET19T",-8.64760664176374,-2.15877560055707,"lung NETs Ca A2"
"LNET5T",1.61770304562868,11.9443389234321,"lung NETs Ca A1"
"LNET6T",1.07910908007708,11.8382738648456,"lung NETs Ca A1"
"SRR5553878",2.2421702627286,-4.81356041477174,"rectum NETs"
"SRR5553879",2.14311370389243,-4.90759270073738,"rectum NETs"
"SRR5553880",2.20941299272037,-4.84511458076591,"rectum NETs"
"SRR5553881",2.23492108470737,-4.81361714953216,"rectum NETs"
"SRR5553882",2.29227409033994,-4.75926082894564,"rectum NETs"
"SRR5553883",2.29428730193236,-4.75789070631968,"rectum NETs"
"SRR5553884",2.20935364776949,-4.83841167538205,"rectum NETs"
"SRR5553885",2.24183556005672,-4.81913916305279,"rectum NETs"
"SRR5553886",2.10647036514759,-4.95862428715326,"rectum NETs"
"SRR5553887",2.27035855599028,-4.78662216297226,"rectum NETs"
"SRR5553888",2.07025202308688,-5.10157439843221,"rectum NETs"
"SRR5553889",2.22560935527855,-4.83030664885017,"rectum NETs"
"SRR5553890",2.31305224313691,-4.74420809763142,"rectum NETs"
"SRR5553891",1.93729605879383,-5.04390930430403,"rectum NETs"
"SRR5553892",-0.344874503903784,-5.44134541618831,"rectum NETs"
"SRR5553893",2.08894880314699,-4.95850766362238,"rectum NETs"
"SRR5553894",2.08801868559392,-4.95417494966939,"rectum NETs"
"SRR5553895",2.14949791007744,-4.89992833305176,"rectum NETs"
"SRR5553765",1.82116001450321,-7.57279094623211,"pancreas NETs"
"SRR5553766",-0.487117800785195,-7.21419172545151,"pancreas NETs"
"SRR5553767",-1.76643843678653,-5.09827345011766,"pancreas NETs"
"SRR5553768",-2.03856952982426,-5.52030345858299,"pancreas NETs"
"SRR5553769",8.38498154349359,-6.71171629737776,"pancreas NETs"
"SRR5553770",-0.65313747028143,-6.60585097598541,"pancreas NETs"
"SRR5553771",-1.54794667323574,-7.34298358187197,"pancreas NETs"
"SRR5553772",2.70962920054318,-0.239862933204489,"pancreas NETs"
"SRR5553773",3.6479815209456,1.10480656426042,"pancreas NETs"
"SRR5553774",-0.744607673175779,-6.52762805584294,"pancreas NETs"
"SRR5553775",0.597293645824864,0.538048495246553,"pancreas NETs"
"SRR5553776",-0.965878813374605,-6.28826427204724,"pancreas NETs"
"SRR5553777",-2.03997307097062,-6.79840019386186,"pancreas NETs"
"SRR5553778",-0.198788405637934,-7.2183174089,"pancreas NETs"
"SRR5553779",-0.620500351227372,-6.65344904090399,"pancreas NETs"
"SRR5553780",-2.15976250272791,-4.40249296809658,"pancreas NETs"
"SRR5553781",-0.286686111319954,-7.20625675058212,"pancreas NETs"
"SRR5553782",-0.690799555310088,-6.6190946969766,"pancreas NETs"
"SRR5553783",-2.17901335922367,-6.48003530549641,"pancreas NETs"
"SRR5553784",1.62929478299918,0.550370562296806,"pancreas NETs"
"SRR5553785",-1.99556352351,-6.76767459695136,"pancreas NETs"
"SRR5553786",4.02381576165482,-0.474809416537855,"pancreas NETs"
"SRR5553787",3.63951228387406,1.08191822788601,"pancreas NETs"
"SRR5553788",-0.228684164500205,-7.21614212944366,"pancreas NETs"
"SRR5553789",1.82878843379589,-7.57659983616,"pancreas NETs"
"SRR5553790",0.315094743796111,-7.12426183965929,"pancreas NETs"
"SRR5553791",1.77351712611287,-7.6314095376835,"pancreas NETs"
"SRR5553792",0.548596794072915,0.587616011690001,"pancreas NETs"
"SRR5553793",-0.282717209745813,-7.1556734829567,"pancreas NETs"
"SRR5553794",-0.598670320954629,-7.1260705681288,"pancreas NETs"
"SRR5553795",8.45737680077531,-7.43458542037329,"pancreas NETs"
"SRR5553796",-0.875917839670686,-7.16156695202251,"pancreas NETs"
"SRR5553797",-0.759371124325578,-6.54888374256568,"pancreas NETs"
"SRR5553798",-1.60769671248865,-7.03911872912068,"pancreas NETs"
"SRR5553799",2.71619199249732,1.69395485111382,"pancreas NETs"
"SRR5553800",-2.1109766833802,-6.05868714550663,"pancreas NETs"
"SRR5553801",-2.15637508456096,-6.05355962207553,"pancreas NETs"
"SRR5553802",-1.28593923535548,-6.99504206086146,"pancreas NETs"
"SRR5553803",-1.59132995770418,-5.86742985760771,"pancreas NETs"
"SRR5553804",-0.787897038771438,-6.15379671984918,"pancreas NETs"
"SRR5553805",-1.65786529436313,-7.12511759666523,"pancreas NETs"
"SRR5553806",-1.85022017153431,-6.76336884401811,"pancreas NETs"
"SRR5553807",-1.64534677933537,-7.07422806123993,"pancreas NETs"
"SRR5553808",-1.00084189189767,-7.22780161233265,"pancreas NETs"
"SRR5553809",-1.81593165687468,-5.13670337047973,"pancreas NETs"
"SRR5553810",-1.80326307271577,-5.08399813373154,"pancreas NETs"
"SRR5553811",-0.814939712958755,-6.08235014787027,"pancreas NETs"
"SRR5553812",-1.7637904781738,-6.96074901565736,"pancreas NETs"
"SRR5553813",-0.9395795565537,-6.35270243861404,"pancreas NETs"
"SRR5553814",-2.10884420132282,-4.4751555752949,"pancreas NETs"
"SRR5553815",0.570972977661847,0.569453960968446,"pancreas NETs"
"SRR5553816",0.559988889257865,0.592423083529887,"pancreas NETs"
"SRR5553817",-1.49228833105341,-7.38238323836088,"pancreas NETs"
"SRR5553818",-1.5672953904807,-7.22354440366084,"pancreas NETs"
"SRR5553819",-0.969757312703031,-6.89467304977074,"pancreas NETs"
"SRR5553820",-1.37308789024139,-7.02556894069074,"pancreas NETs"
"SRR5553821",-1.01860086557784,-6.97529520240134,"pancreas NETs"
"SRR5553822",3.53037977563324,1.21015292791732,"pancreas NETs"
"SRR5553823",-1.00081483684705,-7.38634208870133,"pancreas NETs"
"SRR5553824",-1.15982467119188,-6.3023977000103,"pancreas NETs"
"SRR5553825",-2.00087261180674,-6.67874001406095,"pancreas NETs"
"SRR5553826",-0.492305931525992,-5.60745014367912,"pancreas NETs"
"SRR5553827",-1.11720421642648,-6.97523493952776,"pancreas NETs"
"SRR5553828",-1.63813045924423,-6.81976119906146,"pancreas NETs"
"SRR5553829",1.76275096658439,11.6155277651443,"pancreas NETs"
"SRR5553830",-1.49925705759051,-7.13032320603297,"pancreas NETs"
"SRR5553831",-2.26638492743616,-6.21757190889005,"pancreas NETs"
"SRR5553832",-1.4042924575368,-7.27789497298679,"pancreas NETs"
"SRR5553833",-2.21626164919437,-6.10911573212393,"pancreas NETs"
"SRR5553834",-1.85893188660851,-7.06848011392489,"pancreas NETs"
"SRR5553835",-1.84001916689469,-5.03503659188595,"pancreas NETs"
"SRR5553836",3.33990806657637,-0.677160877758542,"pancreas NETs"
"SRR5553837",-0.832670505030507,-7.07461818287242,"pancreas NETs"
"SRR5553838",-2.46143295639805,2.97048217416396,"pancreas NETs"
"SRR5553839",-2.40292597643065,2.89950439385876,"pancreas NETs"
"SRR5553840",-2.11519504865602,-6.06414708265757,"pancreas NETs"
"SRR5553841",2.76077247523023,-0.274233832975147,"pancreas NETs"
"SRR5553842",3.77362272149372,-0.380269328215359,"pancreas NETs"
"SRR5553846",-1.88423961010768,-6.82343562242116,"pancreas NETs"
"SRR5553847",-1.62991987486759,-7.02571863665639,"pancreas NETs"
"SRR5553848",-1.12367602327473,-7.13128097047305,"pancreas NETs"
"SRR5553849",-1.71745534919634,-7.00327416115633,"pancreas NETs"
"SRR5553850",-0.887754615147176,-6.7894699505224,"pancreas NETs"
"SRR5553851",-1.43129435095932,-6.98783200191851,"pancreas NETs"
"SRR5553852",-0.62067304851558,-5.54554529294672,"pancreas NETs"
"SRR5553853",-0.872276931036693,-7.05236783854069,"pancreas NETs"
"SRR5553854",-0.697935789515673,-6.93994889232325,"pancreas NETs"
"SRR5553855",-1.58869712490357,-7.44749441374169,"pancreas NETs"
"SRR5553856",-1.84692747359586,-4.97191036487754,"pancreas NETs"
"SRR5553857",0.550822169911254,0.556220811192022,"pancreas NETs"
"SRR5553858",-0.969149526323829,-7.28792119039012,"pancreas NETs"
"SRR5553859",-0.69935126956714,-7.20567307318747,"pancreas NETs"
"SRR5553860",-0.768904200165752,-7.28572148777444,"pancreas NETs"
"SRR5553861",-1.97708637755984,-6.74721724210538,"pancreas NETs"
"SRR5553862",-1.09373959997177,-7.19305804533762,"pancreas NETs"
"SRR5553863",-1.7488408068577,-6.85273920184952,"pancreas NETs"
"SRR5553864",-1.25752346692105,-7.22985226769675,"pancreas NETs"
"SRR5553865",-1.25066170635558,-7.0648780442071,"pancreas NETs"
"SRR5553866",-0.61192853232169,-5.81738718379365,"pancreas NETs"
"SRR5553867",-1.14571671318569,-6.73952602636731,"pancreas NETs"
"SRR5553868",-0.538421888322721,-6.95436903075991,"pancreas NETs"
"SRR5553869",-0.691025607822251,-6.595185606202,"pancreas NETs"
"SRR5553870",-0.997565445862512,-7.04960722917876,"pancreas NETs"
"SRR5553871",-1.23336570824093,-7.23883884757356,"pancreas NETs"
"SRR5553872",8.41903139903639,-7.11437564128249,"pancreas NETs"
"SRR5553873",-0.841102501628435,-6.35739658634112,"pancreas NETs"
"SRR5553874",-0.447927695289639,-7.04851799356275,"pancreas NETs"
"SRR5553875",-1.23844354055888,-5.95964599583028,"pancreas NETs"
"SRR5553876",-0.857294649442513,-6.98839997855567,"pancreas NETs"
"SRR5553877",-2.13369913240533,-4.45313561762115,"pancreas NETs"
"SRR5553843",-1.39339583695016,-5.8258971432947,"pancreas NETs"
"SRR5553844",-1.52140071789979,-7.27891080867348,"pancreas NETs"
"SRR5553845",-2.24789845672855,-6.34605859957373,"pancreas NETs"
"SRR14853949",-2.07689065263944,-6.63094756731046,"pancreas NETs"
"SRR14853950",-1.56501814356924,-7.483886408332,"pancreas NETs"
"SRR14853951",-0.794723190263263,-7.45021031422105,"pancreas NETs"
"SRR14853952",0.446055589337954,0.641217118090802,"pancreas NETs"
"SRR14853953",-0.472137634415133,-5.64130616547266,"pancreas NETs"
"SRR14853954",-1.72568330263474,-7.26406650663882,"pancreas NETs"
"SRR14853955",-1.76648775916249,-5.25995130913046,"pancreas NETs"
"SRR14853956",-1.03350693949365,-6.69958819567746,"pancreas NETs"
"SRR14853957",-1.4317312266083,-6.73387236946751,"pancreas NETs"
"SRR14853958",-2.17015246920304,-6.36870029079368,"pancreas NETs"
"SRR14853959",-2.23831939195961,-6.44922582569705,"pancreas NETs"
"SRR14853960",-1.95300595434862,-6.20452731202564,"pancreas NETs"
"SRR14853961",-2.36093938522726,-6.1346819682575,"pancreas NETs"
"SRR14853962",-1.83031184839503,-5.71482174675422,"pancreas NETs"
"SRR14853963",-1.62366632587764,-6.42480720755726,"pancreas NETs"
"SRR14853964",-1.82950604071445,-5.99444469946864,"pancreas NETs"
"SRR14853965",-1.99776029490112,-5.984260325547,"pancreas NETs"
"SRR14853966",-2.06074406145995,-6.83434704173285,"pancreas NETs"
"SRR14853967",-2.32264135113871,-6.31057738414548,"pancreas NETs"
"SRR14853968",-1.9012998913917,-5.44884154021279,"pancreas NETs"
"SRR14853969",-0.592054307589739,-6.7778182032047,"pancreas NETs"
"SRR14853970",-2.08695039655168,-6.71440611459505,"pancreas NETs"
"SRR5553896",1.85010655349588,-7.56202583461986,"small intestine NETs"
"SRR5553897",-2.15816685183381,-4.40322470828777,"small intestine NETs"
"SRR5553898",8.24212322167605,-7.81103560851955,"small intestine NETs"
"SRR5553899",8.31531291755292,-8.13482639110364,"small intestine NETs"
"SRR5553900",8.41598117909386,-7.81390848234352,"small intestine NETs"
"SRR5553901",8.28702791429365,-7.71567124113774,"small intestine NETs"
"SRR5553902",8.41141172273703,-7.93554748420094,"small intestine NETs"
"SRR5553903",8.11849284597137,-7.73421803250209,"small intestine NETs"
"SRR5553904",8.45618809827377,-7.48276206000192,"small intestine NETs"
"SRR5553905",8.26269233877058,-8.03052295930009,"small intestine NETs"
"SRR5553906",-2.16203330076484,-4.39628855541647,"small intestine NETs"
"SRR5553907",8.28177305117768,-7.52758905160082,"small intestine NETs"
"SRR5553908",1.86380841641046,-7.55322033002169,"small intestine NETs"
"SRR5553909",0.190374462283786,-7.18567533488996,"small intestine NETs"
"SRR5553910",-2.11324674929215,-4.46180592959603,"small intestine NETs"
"SRR5553911",8.63653370911952,-7.5797842790148,"small intestine NETs"
"SRR5553912",-1.8281986635298,-5.05647041879891,"small intestine NETs"
"SRR5553913",8.33892414883261,-7.95235819257304,"small intestine NETs"
"SRR5553914",8.35783658966335,-7.85251035136942,"small intestine NETs"
"SRR5553915",-2.16542720207055,-4.43216124591923,"small intestine NETs"
"SRR5553916",1.82748835590666,-7.57369885491446,"small intestine NETs"
"SRR5553917",8.45653762293998,-7.87414705155888,"small intestine NETs"
"SRR5553918",8.37963430886223,-7.61959496535092,"small intestine NETs"
"SRR5553919",8.266871539316,-8.1576524475913,"small intestine NETs"
"SRR5553920",8.43008597519122,-6.7667309658734,"small intestine NETs"
"SRR5553921",8.20667325968911,-7.44072371795618,"small intestine NETs"
"SRR5553922",8.4438005363082,-7.910632467828,"small intestine NETs"
"SRR5553923",8.17760502356473,-8.1337666871777,"small intestine NETs"
"SRR5553924",8.41046346296369,-6.87505492224926,"small intestine NETs"
"SRR5553925",8.46036562586013,-6.94879673711501,"small intestine NETs"
"SRR5553926",8.56845014312679,-7.04873719936043,"small intestine NETs"
"SRR5553927",8.39001063638602,-7.23928163208913,"small intestine NETs"
"SRR5553928",8.43496988585333,-7.07133254007906,"small intestine NETs"
"SRR5553929",8.50348738203213,-7.32055424372012,"small intestine NETs"
"SRR5553930",8.00929513394745,-7.16131793664008,"small intestine NETs"
"SRR5553931",7.99135795075254,-7.11770533920681,"small intestine NETs"
"SRR5553932",8.01008908094771,-7.13785927049703,"small intestine NETs"
"SRR5553933",2.84192599089966,1.03481002715491,"small intestine NETs"
"SRR5553934",8.23440121470162,-7.22878749920504,"small intestine NETs"
"SRR5553935",8.53990742788823,-6.76000479184017,"small intestine NETs"
"SRR5553936",8.31062646037972,-7.2171157228067,"small intestine NETs"
"SRR5553937",8.42902498542938,-7.299937893552,"small intestine NETs"
"SRR5553938",8.10683114268914,-6.08273380787563,"small intestine NETs"
"SRR5553939",8.34649908929373,-7.5308455232697,"small intestine NETs"
"SRR5553940",-0.377738477271705,-7.11612145175959,"small intestine NETs"
"SRR5553941",8.56923005881293,-6.81014642536374,"small intestine NETs"
"SRR5553942",8.17068352069178,-6.1857405795593,"small intestine NETs"
"SRR5553943",8.13322396663293,-6.15089436516513,"small intestine NETs"
"SRR5553944",-1.2617052272439,-6.45525400155152,"small intestine NETs"
"SRR5553945",8.17306848958858,-6.21333139633156,"small intestine NETs"
"SRR5553946",8.1696966009926,-6.2493682768129,"small intestine NETs"
"SRR5553947",8.47467904508946,-6.63457661740841,"small intestine NETs"
"SRR5553948",8.12972407249696,-6.19173991602201,"small intestine NETs"
"SRR5553949",8.32102317891103,-7.48716681820054,"small intestine NETs"
"SRR5553950",8.60399021321241,-6.79877324107648,"small intestine NETs"
"SRR5553951",8.47288724345835,-7.48734601621336,"small intestine NETs"
"SRR5553952",8.45009472983241,-6.67835278725911,"small intestine NETs"
"SRR5553953",3.71871542283713,0.937087010438301,"small intestine NETs"
"SRR5553954",-1.80924142349708,-5.12980902402963,"small intestine NETs"
"SRR5553955",8.45975012775732,-7.60903348750673,"small intestine NETs"
"SRR5553956",8.18940907462324,-6.01919116076968,"small intestine NETs"
"SRR5553957",8.41281649401487,-7.38540754667503,"small intestine NETs"
"SRR5553958",8.51243415254844,-6.6514640447877,"small intestine NETs"
"SRR5553959",8.37809299694721,-6.7767430370099,"small intestine NETs"
"SRR5553960",8.29794525929141,-6.57170324211787,"small intestine NETs"
"SRR5553961",8.48366251635778,-6.3731408493265,"small intestine NETs"
"SRR5553962",8.37228190243861,-6.60235333910288,"small intestine NETs"
"SRR5553963",8.05857083865598,-6.10553554345423,"small intestine NETs"
"SRR5553964",8.15530807998173,-6.10391426211089,"small intestine NETs"
"SRR5553965",8.36527686069802,-6.44890051549368,"small intestine NETs"
"SRR5553966",8.23668438844215,-6.21877811822072,"small intestine NETs"
"SRR5553967",7.97382654625635,-6.86561234561051,"small intestine NETs"
"SRR5553968",-1.72428090321419,-5.47084400340607,"small intestine NETs"
"SRR5553969",1.81869698340937,11.5858513666788,"small intestine NETs"
"SRR5553970",8.32878746079073,-7.1087791263735,"small intestine NETs"
"SRR5553971",2.63035474208769,-0.307459032550283,"small intestine NETs"
"SRR5553972",-0.145005263113612,10.3681042130054,"small intestine NETs"
"SRR5553973",8.51511569353918,-6.66457082739089,"small intestine NETs"
"SRR5553974",8.51112201295589,-6.49154846539508,"small intestine NETs"
"SRR5553975",8.15374068723284,-6.89646324817358,"small intestine NETs"
"SRR5553976",3.7456288190072,1.00215660190551,"small intestine NETs"
"X3780_180504_RNA_1_S7",8.79498786061006,-7.40719919149653,"small intestine NETs"
"X3791_180504_RNA_1_S8",8.67743538509069,-7.32074719093622,"small intestine NETs"
"X3801_180412_RNA_1_S9",8.72538254301101,-7.52331868770409,"small intestine NETs"
"X3802_180705_RNA_S10",8.70793407256249,-6.88800505097666,"small intestine NETs"
"X3806_180406_RNA_S11",8.71949131661995,-7.3602341762851,"small intestine NETs"
"X3809_180406_RNA_S12",8.79575348999462,-6.7547474275139,"small intestine NETs"
"X3814_180504_RNA_S13",8.70941915844154,-6.80070222362194,"small intestine NETs"
